abhorrence,abhorrence@mlh.io
abhorrent,abhorrent@mlh.io
abib,abib@mlh.io
abide,abide@mlh.io
abiding,abiding@.com
abidjan,abidjan@mlh.io
abie,abie@mlh.io
abigael,abigael@gmailcom
abigail,abigail@mlh.io
abigailabigale,abigailabigale@mlh.io
abijah,abijah@mlh.io
abilene,abilene@mlh.io
ability,ability@mlh.io
abingdon,abingdon@mlh.io
abiogenesis,abiogenesis@mlh.io
abiogenetic,abiogenetic@mlh.io
abiosis,abiosis@mlh.io
abiotic,abiotic@mlh.io
abirritant,abirritant@mlh.io
abirritate,abirritate@mlh.io
abisha,abisha@gmailcom
abisia,abisia@gmailcom
abixah,abixah@mlh.io
abject,abject@mlh.io
abjuration,abjuration@mlh.io
abjure,abjure@mlh.io
ablate,ablate@mlh.io
ablation,ablation@mlh.io
ablative,ablative@mlh.io
ablaut,ablaut@mlh.io
ablaze,ablaze@mlh.io
able,able@mlh.io
ablebodied,ablebodied@mlh.io
ablepsia,ablepsia@mlh.io
ables,ables@mlh.io
abloom,abloom@mlh.io
ablution,ablution@mlh.io
ably,ably@mlh.io
abm,abm@mlh.io
abmho,abmho@mlh.io
abnaki,abnaki@mlh.io
abnegate,abnegate@mlh.io
abner,abner@mlh.io
abney,abney@mlh.io
abnormal,abnormal@gmail
abnormality,abnormality@mlh.io
abnormity,abnormity@mlh.io
aboard,aboard@mlh.io
abode,abode@mlh.io
abohm,abohm@mlh.io
abolish,abolish@mlh.io
abolition,abolition@mlh.io
abomasum,abomasum@mlh.io
abomb,abomb@mlh.io
abominable,abominable@mlh.io
abominate,abominate@mlh.io
abomination,abomination@mlh.io
aboral,aboral@mlh.io
aboriginal,aboriginal@mlh.io
aborigine,aborigine@mlh.io
aborn,aborn@mlh.io
aborning,aborning@mlh.io
abort,abort@mlh.io
aborticide,aborticide@mlh.io
abortifacient,abortifacient@mlh.io
abortion,abortion@mlh.io
abortionist,abortionist@mlh.io
abortive,abortive@mlh.io
abott,abott@mlh.io
aboulia,aboulia@mlh.io
abound,abound@mlh.io
about,about@mlh.io
aboutface,aboutface@mlh.io
aboutship,aboutship@mlh.io
above,above@mlh.io
aboveboard,aboveboard@mlh.io
aboveground,aboveground@mlh.io
abra,abra@mlh.io
abracadabra,abracadabra@mlh.io
abradant,abradant@mlh.io
abrade,abrade@mlh.io
abraham,abraham@mlh.io
abrahamabrahams,abrahamabrahams@mlh.io
abrahamsen,abrahamsen@mlh.io
abrahan,abrahan@mlh.io
abram,abram@mlh.io
abramabramo,abramabramo@mlh.io
abrams,abrams@mlh.io
abramson,abramson@mlh.io
abran,abran@mlh.io
abranchiate,abranchiate@mlh.io
abrasion,abrasion@mlh.io
abrasive,abrasive@mlh.io
abraxas,abraxas@mlh.io
abreact,abreact@mlh.io
